id,day,avgpool,numberofentries
1,2025-04-17,"[{""key"": ""Abundant"", ""value"": ""0.1302 TLM""}, {""key"": ""Common"", ""value"": ""0.1225 TLM""}, {""key"": ""Epic"", ""value"": ""5.9301 TLM""}, {""key"": ""Legendary"", ""value"": ""13.9036 TLM""}, {""key"": ""Mythical"", ""value"": ""91.9879 TLM""}, {""key"": ""Rare"", ""value"": ""4.5517 TLM""}]",5
2,2025-04-18,"[{""key"": ""Abundant"", ""value"": ""0.1374 TLM""}, {""key"": ""Common"", ""value"": ""0.1146 TLM""}, {""key"": ""Epic"", ""value"": ""5.6509 TLM""}, {""key"": ""Legendary"", ""value"": ""15.1251 TLM""}, {""key"": ""Mythical"", ""value"": ""84.6590 TLM""}, {""key"": ""Rare"", ""value"": ""4.0743 TLM""}]",73
3,2025-04-19,"[{""key"": ""Abundant"", ""value"": ""0.1396 TLM""}, {""key"": ""Common"", ""value"": ""0.1206 TLM""}, {""key"": ""Epic"", ""value"": ""8.9544 TLM""}, {""key"": ""Legendary"", ""value"": ""19.7959 TLM""}, {""key"": ""Mythical"", ""value"": ""179.2153 TLM""}, {""key"": ""Rare"", ""value"": ""5.1385 TLM""}]",74
4,2025-04-20,"[{""key"": ""Abundant"", ""value"": ""0.1348 TLM""}, {""key"": ""Common"", ""value"": ""0.1204 TLM""}, {""key"": ""Epic"", ""value"": ""11.4672 TLM""}, {""key"": ""Legendary"", ""value"": ""23.9534 TLM""}, {""key"": ""Mythical"", ""value"": ""199.2529 TLM""}, {""key"": ""Rare"", ""value"": ""5.7782 TLM""}]",73
5,2025-04-21,"[{""key"": ""Abundant"", ""value"": ""0.1418 TLM""}, {""key"": ""Common"", ""value"": ""0.1205 TLM""}, {""key"": ""Epic"", ""value"": ""10.8219 TLM""}, {""key"": ""Legendary"", ""value"": ""25.3005 TLM""}, {""key"": ""Mythical"", ""value"": ""209.0649 TLM""}, {""key"": ""Rare"", ""value"": ""9.0288 TLM""}]",73
6,2025-04-22,"[{""key"": ""Abundant"", ""value"": ""0.1341 TLM""}, {""key"": ""Common"", ""value"": ""0.1251 TLM""}, {""key"": ""Epic"", ""value"": ""10.6230 TLM""}, {""key"": ""Legendary"", ""value"": ""25.5350 TLM""}, {""key"": ""Mythical"", ""value"": ""315.0986 TLM""}, {""key"": ""Rare"", ""value"": ""11.9052 TLM""}]",74
7,2025-04-23,"[{""key"": ""Abundant"", ""value"": ""0.1338 TLM""}, {""key"": ""Common"", ""value"": ""0.1255 TLM""}, {""key"": ""Epic"", ""value"": ""10.1556 TLM""}, {""key"": ""Legendary"", ""value"": ""22.6562 TLM""}, {""key"": ""Mythical"", ""value"": ""292.1848 TLM""}, {""key"": ""Rare"", ""value"": ""11.6906 TLM""}]",73
8,2025-04-24,"[{""key"": ""Abundant"", ""value"": ""0.1395 TLM""}, {""key"": ""Common"", ""value"": ""0.1139 TLM""}, {""key"": ""Epic"", ""value"": ""10.7450 TLM""}, {""key"": ""Legendary"", ""value"": ""21.5806 TLM""}, {""key"": ""Mythical"", ""value"": ""259.8391 TLM""}, {""key"": ""Rare"", ""value"": ""10.6254 TLM""}]",70
9,2025-04-25,"[{""key"": ""Abundant"", ""value"": ""0.1290 TLM""}, {""key"": ""Common"", ""value"": ""0.1214 TLM""}, {""key"": ""Epic"", ""value"": ""11.2902 TLM""}, {""key"": ""Legendary"", ""value"": ""19.8213 TLM""}, {""key"": ""Mythical"", ""value"": ""259.6244 TLM""}, {""key"": ""Rare"", ""value"": ""11.0732 TLM""}]",72
10,2025-04-26,"[{""key"": ""Abundant"", ""value"": ""0.1308 TLM""}, {""key"": ""Common"", ""value"": ""0.1220 TLM""}, {""key"": ""Epic"", ""value"": ""11.0048 TLM""}, {""key"": ""Legendary"", ""value"": ""21.5692 TLM""}, {""key"": ""Mythical"", ""value"": ""213.2265 TLM""}, {""key"": ""Rare"", ""value"": ""11.0265 TLM""}]",72
11,2025-04-27,"[{""key"": ""Abundant"", ""value"": ""0.1284 TLM""}, {""key"": ""Common"", ""value"": ""0.1207 TLM""}, {""key"": ""Epic"", ""value"": ""10.8685 TLM""}, {""key"": ""Legendary"", ""value"": ""22.5393 TLM""}, {""key"": ""Mythical"", ""value"": ""207.5184 TLM""}, {""key"": ""Rare"", ""value"": ""10.7866 TLM""}]",74
12,2025-04-28,"[{""key"": ""Abundant"", ""value"": ""0.1349 TLM""}, {""key"": ""Common"", ""value"": ""0.1261 TLM""}, {""key"": ""Epic"", ""value"": ""15.8766 TLM""}, {""key"": ""Legendary"", ""value"": ""26.7945 TLM""}, {""key"": ""Mythical"", ""value"": ""210.6167 TLM""}, {""key"": ""Rare"", ""value"": ""11.4738 TLM""}]",72
13,2025-04-29,"[{""key"": ""Abundant"", ""value"": ""0.1384 TLM""}, {""key"": ""Common"", ""value"": ""0.1158 TLM""}, {""key"": ""Epic"", ""value"": ""15.2666 TLM""}, {""key"": ""Legendary"", ""value"": ""25.5679 TLM""}, {""key"": ""Mythical"", ""value"": ""189.7872 TLM""}, {""key"": ""Rare"", ""value"": ""10.9059 TLM""}]",72
14,2025-04-30,"[{""key"": ""Abundant"", ""value"": ""0.1426 TLM""}, {""key"": ""Common"", ""value"": ""0.1214 TLM""}, {""key"": ""Epic"", ""value"": ""12.2626 TLM""}, {""key"": ""Legendary"", ""value"": ""23.4422 TLM""}, {""key"": ""Mythical"", ""value"": ""145.9126 TLM""}, {""key"": ""Rare"", ""value"": ""9.2782 TLM""}]",72
15,2025-05-01,"[{""key"": ""Abundant"", ""value"": ""0.1330 TLM""}, {""key"": ""Common"", ""value"": ""0.1145 TLM""}, {""key"": ""Epic"", ""value"": ""13.6003 TLM""}, {""key"": ""Legendary"", ""value"": ""27.2682 TLM""}, {""key"": ""Mythical"", ""value"": ""207.4129 TLM""}, {""key"": ""Rare"", ""value"": ""10.2908 TLM""}]",74
16,2025-05-02,"[{""key"": ""Abundant"", ""value"": ""0.1450 TLM""}, {""key"": ""Common"", ""value"": ""0.1117 TLM""}, {""key"": ""Epic"", ""value"": ""13.7633 TLM""}, {""key"": ""Legendary"", ""value"": ""25.7200 TLM""}, {""key"": ""Mythical"", ""value"": ""216.7739 TLM""}, {""key"": ""Rare"", ""value"": ""11.0276 TLM""}]",70
17,2025-05-03,"[{""key"": ""Abundant"", ""value"": ""0.1332 TLM""}, {""key"": ""Common"", ""value"": ""0.1165 TLM""}, {""key"": ""Epic"", ""value"": ""15.4037 TLM""}, {""key"": ""Legendary"", ""value"": ""25.6380 TLM""}, {""key"": ""Mythical"", ""value"": ""232.2714 TLM""}, {""key"": ""Rare"", ""value"": ""10.2490 TLM""}]",75
18,2025-05-04,"[{""key"": ""Abundant"", ""value"": ""0.1318 TLM""}, {""key"": ""Common"", ""value"": ""0.1193 TLM""}, {""key"": ""Epic"", ""value"": ""11.8115 TLM""}, {""key"": ""Legendary"", ""value"": ""21.6480 TLM""}, {""key"": ""Mythical"", ""value"": ""184.5201 TLM""}, {""key"": ""Rare"", ""value"": ""9.7507 TLM""}]",70
19,2025-05-05,"[{""key"": ""Abundant"", ""value"": ""0.1230 TLM""}, {""key"": ""Common"", ""value"": ""0.1262 TLM""}, {""key"": ""Epic"", ""value"": ""8.5117 TLM""}, {""key"": ""Legendary"", ""value"": ""18.1757 TLM""}, {""key"": ""Mythical"", ""value"": ""110.2496 TLM""}, {""key"": ""Rare"", ""value"": ""6.9983 TLM""}]",70
20,2025-05-06,"[{""key"": ""Abundant"", ""value"": ""0.1307 TLM""}, {""key"": ""Common"", ""value"": ""0.1218 TLM""}, {""key"": ""Epic"", ""value"": ""11.8631 TLM""}, {""key"": ""Legendary"", ""value"": ""20.6833 TLM""}, {""key"": ""Mythical"", ""value"": ""150.7565 TLM""}, {""key"": ""Rare"", ""value"": ""9.1189 TLM""}]",74
21,2025-05-07,"[{""key"": ""Abundant"", ""value"": ""0.1430 TLM""}, {""key"": ""Common"", ""value"": ""0.1116 TLM""}, {""key"": ""Epic"", ""value"": ""14.7072 TLM""}, {""key"": ""Legendary"", ""value"": ""22.9153 TLM""}, {""key"": ""Mythical"", ""value"": ""218.5336 TLM""}, {""key"": ""Rare"", ""value"": ""10.2931 TLM""}]",71
22,2025-05-08,"[{""key"": ""Abundant"", ""value"": ""0.1270 TLM""}, {""key"": ""Common"", ""value"": ""0.1144 TLM""}, {""key"": ""Epic"", ""value"": ""8.8569 TLM""}, {""key"": ""Legendary"", ""value"": ""19.4557 TLM""}, {""key"": ""Mythical"", ""value"": ""152.2455 TLM""}, {""key"": ""Rare"", ""value"": ""6.7984 TLM""}]",73
23,2025-05-09,"[{""key"": ""Abundant"", ""value"": ""0.1345 TLM""}, {""key"": ""Common"", ""value"": ""0.1385 TLM""}, {""key"": ""Epic"", ""value"": ""9.8924 TLM""}, {""key"": ""Legendary"", ""value"": ""19.9171 TLM""}, {""key"": ""Mythical"", ""value"": ""153.3882 TLM""}, {""key"": ""Rare"", ""value"": ""8.1367 TLM""}]",74
24,2025-05-10,"[{""key"": ""Abundant"", ""value"": ""0.1195 TLM""}, {""key"": ""Common"", ""value"": ""0.1124 TLM""}, {""key"": ""Epic"", ""value"": ""16.2610 TLM""}, {""key"": ""Legendary"", ""value"": ""26.0012 TLM""}, {""key"": ""Mythical"", ""value"": ""264.4675 TLM""}, {""key"": ""Rare"", ""value"": ""10.1612 TLM""}]",71
25,2025-05-11,"[{""key"": ""Abundant"", ""value"": ""0.1276 TLM""}, {""key"": ""Common"", ""value"": ""0.1136 TLM""}, {""key"": ""Epic"", ""value"": ""15.9033 TLM""}, {""key"": ""Legendary"", ""value"": ""28.4914 TLM""}, {""key"": ""Mythical"", ""value"": ""241.1942 TLM""}, {""key"": ""Rare"", ""value"": ""9.8437 TLM""}]",74
26,2025-05-12,"[{""key"": ""Abundant"", ""value"": ""0.1282 TLM""}, {""key"": ""Common"", ""value"": ""0.1330 TLM""}, {""key"": ""Epic"", ""value"": ""14.6006 TLM""}, {""key"": ""Legendary"", ""value"": ""29.0863 TLM""}, {""key"": ""Mythical"", ""value"": ""250.5646 TLM""}, {""key"": ""Rare"", ""value"": ""10.1645 TLM""}]",75
27,2025-05-13,"[{""key"": ""Abundant"", ""value"": ""0.1255 TLM""}, {""key"": ""Common"", ""value"": ""0.1268 TLM""}, {""key"": ""Epic"", ""value"": ""12.9818 TLM""}, {""key"": ""Legendary"", ""value"": ""25.0274 TLM""}, {""key"": ""Mythical"", ""value"": ""189.4184 TLM""}, {""key"": ""Rare"", ""value"": ""9.3644 TLM""}]",73
28,2025-05-14,"[{""key"": ""Abundant"", ""value"": ""0.1336 TLM""}, {""key"": ""Common"", ""value"": ""0.1179 TLM""}, {""key"": ""Epic"", ""value"": ""13.8562 TLM""}, {""key"": ""Legendary"", ""value"": ""28.4781 TLM""}, {""key"": ""Mythical"", ""value"": ""227.2609 TLM""}, {""key"": ""Rare"", ""value"": ""10.1219 TLM""}]",73
29,2025-05-15,"[{""key"": ""Abundant"", ""value"": ""0.1339 TLM""}, {""key"": ""Common"", ""value"": ""0.1319 TLM""}, {""key"": ""Epic"", ""value"": ""14.4655 TLM""}, {""key"": ""Legendary"", ""value"": ""26.8917 TLM""}, {""key"": ""Mythical"", ""value"": ""223.4743 TLM""}, {""key"": ""Rare"", ""value"": ""9.8755 TLM""}]",72
30,2025-05-16,"[{""key"": ""Abundant"", ""value"": ""0.1386 TLM""}, {""key"": ""Common"", ""value"": ""0.1350 TLM""}, {""key"": ""Epic"", ""value"": ""14.7005 TLM""}, {""key"": ""Legendary"", ""value"": ""25.0072 TLM""}, {""key"": ""Mythical"", ""value"": ""226.7289 TLM""}, {""key"": ""Rare"", ""value"": ""9.7458 TLM""}]",70
31,2025-05-17,"[{""key"": ""Abundant"", ""value"": ""0.1315 TLM""}, {""key"": ""Common"", ""value"": ""0.1323 TLM""}, {""key"": ""Epic"", ""value"": ""14.0644 TLM""}, {""key"": ""Legendary"", ""value"": ""25.8524 TLM""}, {""key"": ""Mythical"", ""value"": ""226.0942 TLM""}, {""key"": ""Rare"", ""value"": ""9.7136 TLM""}]",69
32,2025-05-18,"[{""key"": ""Abundant"", ""value"": ""0.1321 TLM""}, {""key"": ""Common"", ""value"": ""0.1346 TLM""}, {""key"": ""Epic"", ""value"": ""14.0222 TLM""}, {""key"": ""Legendary"", ""value"": ""26.4310 TLM""}, {""key"": ""Mythical"", ""value"": ""221.9981 TLM""}, {""key"": ""Rare"", ""value"": ""10.1319 TLM""}]",72
33,2025-05-19,"[{""key"": ""Abundant"", ""value"": ""0.1276 TLM""}, {""key"": ""Common"", ""value"": ""0.1228 TLM""}, {""key"": ""Epic"", ""value"": ""13.8921 TLM""}, {""key"": ""Legendary"", ""value"": ""25.8784 TLM""}, {""key"": ""Mythical"", ""value"": ""210.4252 TLM""}, {""key"": ""Rare"", ""value"": ""9.6392 TLM""}]",71
34,2025-05-20,"[{""key"": ""Abundant"", ""value"": ""0.1171 TLM""}, {""key"": ""Common"", ""value"": ""0.1333 TLM""}, {""key"": ""Epic"", ""value"": ""12.9335 TLM""}, {""key"": ""Legendary"", ""value"": ""23.2013 TLM""}, {""key"": ""Mythical"", ""value"": ""211.4279 TLM""}, {""key"": ""Rare"", ""value"": ""8.7142 TLM""}]",65
35,2025-05-21,"[{""key"": ""Abundant"", ""value"": ""0.1116 TLM""}, {""key"": ""Common"", ""value"": ""0.1242 TLM""}, {""key"": ""Epic"", ""value"": ""10.6166 TLM""}, {""key"": ""Legendary"", ""value"": ""18.8810 TLM""}, {""key"": ""Mythical"", ""value"": ""140.8288 TLM""}, {""key"": ""Rare"", ""value"": ""6.8934 TLM""}]",71
36,2025-05-22,"[{""key"": ""Abundant"", ""value"": ""0.0951 TLM""}, {""key"": ""Common"", ""value"": ""0.1133 TLM""}, {""key"": ""Epic"", ""value"": ""10.4383 TLM""}, {""key"": ""Legendary"", ""value"": ""17.3774 TLM""}, {""key"": ""Mythical"", ""value"": ""136.8357 TLM""}, {""key"": ""Rare"", ""value"": ""5.9523 TLM""}]",69
37,2025-05-23,"[{""key"": ""Abundant"", ""value"": ""0.0929 TLM""}, {""key"": ""Common"", ""value"": ""0.1141 TLM""}, {""key"": ""Epic"", ""value"": ""10.9905 TLM""}, {""key"": ""Legendary"", ""value"": ""17.8014 TLM""}, {""key"": ""Mythical"", ""value"": ""141.3096 TLM""}, {""key"": ""Rare"", ""value"": ""8.1719 TLM""}]",69
38,2025-05-24,"[{""key"": ""Abundant"", ""value"": ""0.1012 TLM""}, {""key"": ""Common"", ""value"": ""0.1139 TLM""}, {""key"": ""Epic"", ""value"": ""12.8470 TLM""}, {""key"": ""Legendary"", ""value"": ""21.8968 TLM""}, {""key"": ""Mythical"", ""value"": ""206.9646 TLM""}, {""key"": ""Rare"", ""value"": ""8.9224 TLM""}]",71
39,2025-05-25,"[{""key"": ""Abundant"", ""value"": ""0.0975 TLM""}, {""key"": ""Common"", ""value"": ""0.1198 TLM""}, {""key"": ""Epic"", ""value"": ""13.2841 TLM""}, {""key"": ""Legendary"", ""value"": ""20.0857 TLM""}, {""key"": ""Mythical"", ""value"": ""198.9742 TLM""}, {""key"": ""Rare"", ""value"": ""8.9330 TLM""}]",74
40,2025-05-26,"[{""key"": ""Abundant"", ""value"": ""0.1007 TLM""}, {""key"": ""Common"", ""value"": ""0.1230 TLM""}, {""key"": ""Epic"", ""value"": ""10.9917 TLM""}, {""key"": ""Legendary"", ""value"": ""18.6313 TLM""}, {""key"": ""Mythical"", ""value"": ""167.9630 TLM""}, {""key"": ""Rare"", ""value"": ""7.7801 TLM""}]",67
41,2025-05-27,"[{""key"": ""Abundant"", ""value"": ""0.0977 TLM""}, {""key"": ""Common"", ""value"": ""0.1163 TLM""}, {""key"": ""Epic"", ""value"": ""11.0678 TLM""}, {""key"": ""Legendary"", ""value"": ""17.7868 TLM""}, {""key"": ""Mythical"", ""value"": ""138.6225 TLM""}, {""key"": ""Rare"", ""value"": ""9.4635 TLM""}]",71
42,2025-05-28,"[{""key"": ""Abundant"", ""value"": ""0.0959 TLM""}, {""key"": ""Common"", ""value"": ""0.1136 TLM""}, {""key"": ""Epic"", ""value"": ""13.8860 TLM""}, {""key"": ""Legendary"", ""value"": ""19.5901 TLM""}, {""key"": ""Mythical"", ""value"": ""177.3315 TLM""}, {""key"": ""Rare"", ""value"": ""9.3518 TLM""}]",71
43,2025-05-29,"[{""key"": ""Abundant"", ""value"": ""0.0971 TLM""}, {""key"": ""Common"", ""value"": ""0.1248 TLM""}, {""key"": ""Epic"", ""value"": ""10.3257 TLM""}, {""key"": ""Legendary"", ""value"": ""17.4229 TLM""}, {""key"": ""Mythical"", ""value"": ""146.0263 TLM""}, {""key"": ""Rare"", ""value"": ""6.6204 TLM""}]",70
44,2025-05-30,"[{""key"": ""Abundant"", ""value"": ""0.1057 TLM""}, {""key"": ""Common"", ""value"": ""0.1233 TLM""}, {""key"": ""Epic"", ""value"": ""8.7447 TLM""}, {""key"": ""Legendary"", ""value"": ""15.3703 TLM""}, {""key"": ""Mythical"", ""value"": ""120.2612 TLM""}, {""key"": ""Rare"", ""value"": ""5.8475 TLM""}]",69
45,2025-05-31,"[{""key"": ""Abundant"", ""value"": ""0.0923 TLM""}, {""key"": ""Common"", ""value"": ""0.1154 TLM""}, {""key"": ""Epic"", ""value"": ""8.1910 TLM""}, {""key"": ""Legendary"", ""value"": ""14.3370 TLM""}, {""key"": ""Mythical"", ""value"": ""111.4129 TLM""}, {""key"": ""Rare"", ""value"": ""5.3847 TLM""}]",69
46,2025-06-01,"[{""key"": ""Abundant"", ""value"": ""0.0919 TLM""}, {""key"": ""Common"", ""value"": ""0.1137 TLM""}, {""key"": ""Epic"", ""value"": ""7.2303 TLM""}, {""key"": ""Legendary"", ""value"": ""13.2493 TLM""}, {""key"": ""Mythical"", ""value"": ""95.0925 TLM""}, {""key"": ""Rare"", ""value"": ""5.0790 TLM""}]",75
47,2025-06-02,"[{""key"": ""Abundant"", ""value"": ""0.1041 TLM""}, {""key"": ""Common"", ""value"": ""0.1256 TLM""}, {""key"": ""Epic"", ""value"": ""6.8386 TLM""}, {""key"": ""Legendary"", ""value"": ""12.5575 TLM""}, {""key"": ""Mythical"", ""value"": ""92.0290 TLM""}, {""key"": ""Rare"", ""value"": ""5.0776 TLM""}]",70
48,2025-06-03,"[{""key"": ""Abundant"", ""value"": ""0.0969 TLM""}, {""key"": ""Common"", ""value"": ""0.1321 TLM""}, {""key"": ""Epic"", ""value"": ""6.8045 TLM""}, {""key"": ""Legendary"", ""value"": ""12.9974 TLM""}, {""key"": ""Mythical"", ""value"": ""93.2667 TLM""}, {""key"": ""Rare"", ""value"": ""4.6640 TLM""}]",69
49,2025-06-04,"[{""key"": ""Abundant"", ""value"": ""0.0911 TLM""}, {""key"": ""Common"", ""value"": ""0.1077 TLM""}, {""key"": ""Epic"", ""value"": ""9.1375 TLM""}, {""key"": ""Legendary"", ""value"": ""14.8666 TLM""}, {""key"": ""Mythical"", ""value"": ""104.0295 TLM""}, {""key"": ""Rare"", ""value"": ""6.4342 TLM""}]",70
50,2025-06-05,"[{""key"": ""Abundant"", ""value"": ""0.0920 TLM""}, {""key"": ""Common"", ""value"": ""0.1136 TLM""}, {""key"": ""Epic"", ""value"": ""9.7092 TLM""}, {""key"": ""Legendary"", ""value"": ""15.5441 TLM""}, {""key"": ""Mythical"", ""value"": ""117.9911 TLM""}, {""key"": ""Rare"", ""value"": ""6.5965 TLM""}]",67
51,2025-06-06,"[{""key"": ""Abundant"", ""value"": ""0.0900 TLM""}, {""key"": ""Common"", ""value"": ""0.1178 TLM""}, {""key"": ""Epic"", ""value"": ""10.6995 TLM""}, {""key"": ""Legendary"", ""value"": ""17.1446 TLM""}, {""key"": ""Mythical"", ""value"": ""163.0407 TLM""}, {""key"": ""Rare"", ""value"": ""7.5148 TLM""}]",67
52,2025-06-07,"[{""key"": ""Abundant"", ""value"": ""0.0870 TLM""}, {""key"": ""Common"", ""value"": ""0.1078 TLM""}, {""key"": ""Epic"", ""value"": ""12.7225 TLM""}, {""key"": ""Legendary"", ""value"": ""21.6996 TLM""}, {""key"": ""Mythical"", ""value"": ""150.1197 TLM""}, {""key"": ""Rare"", ""value"": ""8.5878 TLM""}]",68
53,2025-06-08,"[{""key"": ""Abundant"", ""value"": ""0.0816 TLM""}, {""key"": ""Common"", ""value"": ""0.1148 TLM""}, {""key"": ""Epic"", ""value"": ""12.5875 TLM""}, {""key"": ""Legendary"", ""value"": ""19.7717 TLM""}, {""key"": ""Mythical"", ""value"": ""132.9432 TLM""}, {""key"": ""Rare"", ""value"": ""8.2170 TLM""}]",71
54,2025-06-09,"[{""key"": ""Abundant"", ""value"": ""0.0781 TLM""}, {""key"": ""Common"", ""value"": ""0.1112 TLM""}, {""key"": ""Epic"", ""value"": ""11.2628 TLM""}, {""key"": ""Legendary"", ""value"": ""18.6807 TLM""}, {""key"": ""Mythical"", ""value"": ""128.5113 TLM""}, {""key"": ""Rare"", ""value"": ""8.4382 TLM""}]",67
55,2025-06-10,"[{""key"": ""Abundant"", ""value"": ""0.0849 TLM""}, {""key"": ""Common"", ""value"": ""0.1174 TLM""}, {""key"": ""Epic"", ""value"": ""6.9083 TLM""}, {""key"": ""Legendary"", ""value"": ""14.5843 TLM""}, {""key"": ""Mythical"", ""value"": ""104.4138 TLM""}, {""key"": ""Rare"", ""value"": ""6.1253 TLM""}]",70
56,2025-06-11,"[{""key"": ""Abundant"", ""value"": ""0.0798 TLM""}, {""key"": ""Common"", ""value"": ""0.1181 TLM""}, {""key"": ""Epic"", ""value"": ""5.9856 TLM""}, {""key"": ""Legendary"", ""value"": ""12.2272 TLM""}, {""key"": ""Mythical"", ""value"": ""100.4133 TLM""}, {""key"": ""Rare"", ""value"": ""5.1637 TLM""}]",70
57,2025-06-12,"[{""key"": ""Abundant"", ""value"": ""0.0872 TLM""}, {""key"": ""Common"", ""value"": ""0.1205 TLM""}, {""key"": ""Epic"", ""value"": ""7.2253 TLM""}, {""key"": ""Legendary"", ""value"": ""14.2651 TLM""}, {""key"": ""Mythical"", ""value"": ""99.4222 TLM""}, {""key"": ""Rare"", ""value"": ""5.8990 TLM""}]",65
58,2025-06-13,"[{""key"": ""Abundant"", ""value"": ""0.0838 TLM""}, {""key"": ""Common"", ""value"": ""0.1106 TLM""}, {""key"": ""Epic"", ""value"": ""9.4511 TLM""}, {""key"": ""Legendary"", ""value"": ""17.9489 TLM""}, {""key"": ""Mythical"", ""value"": ""126.6991 TLM""}, {""key"": ""Rare"", ""value"": ""8.8032 TLM""}]",67
59,2025-06-14,"[{""key"": ""Abundant"", ""value"": ""0.0821 TLM""}, {""key"": ""Common"", ""value"": ""0.1215 TLM""}, {""key"": ""Epic"", ""value"": ""12.4056 TLM""}, {""key"": ""Legendary"", ""value"": ""19.1899 TLM""}, {""key"": ""Mythical"", ""value"": ""128.7555 TLM""}, {""key"": ""Rare"", ""value"": ""8.2814 TLM""}]",67
60,2025-06-15,"[{""key"": ""Abundant"", ""value"": ""0.0859 TLM""}, {""key"": ""Common"", ""value"": ""0.1122 TLM""}, {""key"": ""Epic"", ""value"": ""11.2715 TLM""}, {""key"": ""Legendary"", ""value"": ""18.4278 TLM""}, {""key"": ""Mythical"", ""value"": ""111.4815 TLM""}, {""key"": ""Rare"", ""value"": ""7.9325 TLM""}]",65
61,2025-06-16,"[{""key"": ""Abundant"", ""value"": ""0.0874 TLM""}, {""key"": ""Common"", ""value"": ""0.1192 TLM""}, {""key"": ""Epic"", ""value"": ""11.5212 TLM""}, {""key"": ""Legendary"", ""value"": ""16.6892 TLM""}, {""key"": ""Mythical"", ""value"": ""132.8273 TLM""}, {""key"": ""Rare"", ""value"": ""7.8749 TLM""}]",70
62,2025-06-17,"[{""key"": ""Abundant"", ""value"": ""0.0822 TLM""}, {""key"": ""Common"", ""value"": ""0.1224 TLM""}, {""key"": ""Epic"", ""value"": ""10.7396 TLM""}, {""key"": ""Legendary"", ""value"": ""16.9770 TLM""}, {""key"": ""Mythical"", ""value"": ""165.6272 TLM""}, {""key"": ""Rare"", ""value"": ""8.5775 TLM""}]",64
63,2025-06-18,"[{""key"": ""Abundant"", ""value"": ""0.0796 TLM""}, {""key"": ""Common"", ""value"": ""0.1248 TLM""}, {""key"": ""Epic"", ""value"": ""10.4356 TLM""}, {""key"": ""Legendary"", ""value"": ""16.8866 TLM""}, {""key"": ""Mythical"", ""value"": ""136.8221 TLM""}, {""key"": ""Rare"", ""value"": ""7.9895 TLM""}]",69
64,2025-06-19,"[{""key"": ""Abundant"", ""value"": ""0.0812 TLM""}, {""key"": ""Common"", ""value"": ""0.1130 TLM""}, {""key"": ""Epic"", ""value"": ""12.2647 TLM""}, {""key"": ""Legendary"", ""value"": ""17.8132 TLM""}, {""key"": ""Mythical"", ""value"": ""162.1587 TLM""}, {""key"": ""Rare"", ""value"": ""8.4020 TLM""}]",70
65,2025-06-20,"[{""key"": ""Abundant"", ""value"": ""0.0775 TLM""}, {""key"": ""Common"", ""value"": ""0.1159 TLM""}, {""key"": ""Epic"", ""value"": ""10.9981 TLM""}, {""key"": ""Legendary"", ""value"": ""17.1508 TLM""}, {""key"": ""Mythical"", ""value"": ""151.1191 TLM""}, {""key"": ""Rare"", ""value"": ""8.1195 TLM""}]",68
66,2025-06-21,"[{""key"": ""Abundant"", ""value"": ""0.0773 TLM""}, {""key"": ""Common"", ""value"": ""0.1013 TLM""}, {""key"": ""Epic"", ""value"": ""10.4714 TLM""}, {""key"": ""Legendary"", ""value"": ""16.7990 TLM""}, {""key"": ""Mythical"", ""value"": ""167.2295 TLM""}, {""key"": ""Rare"", ""value"": ""8.7573 TLM""}]",65
67,2025-06-22,"[{""key"": ""Abundant"", ""value"": ""0.0803 TLM""}, {""key"": ""Common"", ""value"": ""0.1021 TLM""}, {""key"": ""Epic"", ""value"": ""10.1653 TLM""}, {""key"": ""Legendary"", ""value"": ""16.9854 TLM""}, {""key"": ""Mythical"", ""value"": ""196.3232 TLM""}, {""key"": ""Rare"", ""value"": ""9.0496 TLM""}]",68
68,2025-06-23,"[{""key"": ""Abundant"", ""value"": ""0.0823 TLM""}, {""key"": ""Common"", ""value"": ""0.1049 TLM""}, {""key"": ""Epic"", ""value"": ""10.5274 TLM""}, {""key"": ""Legendary"", ""value"": ""17.7006 TLM""}, {""key"": ""Mythical"", ""value"": ""130.3275 TLM""}, {""key"": ""Rare"", ""value"": ""7.9023 TLM""}]",64
69,2025-06-24,"[{""key"": ""Abundant"", ""value"": ""0.0821 TLM""}, {""key"": ""Common"", ""value"": ""0.1080 TLM""}, {""key"": ""Epic"", ""value"": ""10.3033 TLM""}, {""key"": ""Legendary"", ""value"": ""19.6368 TLM""}, {""key"": ""Mythical"", ""value"": ""142.6929 TLM""}, {""key"": ""Rare"", ""value"": ""8.0209 TLM""}]",66
70,2025-06-25,"[{""key"": ""Abundant"", ""value"": ""0.0804 TLM""}, {""key"": ""Common"", ""value"": ""0.1345 TLM""}, {""key"": ""Epic"", ""value"": ""13.7340 TLM""}, {""key"": ""Legendary"", ""value"": ""23.0917 TLM""}, {""key"": ""Mythical"", ""value"": ""152.4627 TLM""}, {""key"": ""Rare"", ""value"": ""12.0182 TLM""}]",65
71,2025-06-26,"[{""key"": ""Abundant"", ""value"": ""0.0841 TLM""}, {""key"": ""Common"", ""value"": ""0.1031 TLM""}, {""key"": ""Epic"", ""value"": ""10.1693 TLM""}, {""key"": ""Legendary"", ""value"": ""19.9800 TLM""}, {""key"": ""Mythical"", ""value"": ""153.7668 TLM""}, {""key"": ""Rare"", ""value"": ""8.8621 TLM""}]",72
72,2025-06-27,"[{""key"": ""Abundant"", ""value"": ""0.0751 TLM""}, {""key"": ""Common"", ""value"": ""0.0997 TLM""}, {""key"": ""Epic"", ""value"": ""7.6083 TLM""}, {""key"": ""Legendary"", ""value"": ""13.4648 TLM""}, {""key"": ""Mythical"", ""value"": ""104.2584 TLM""}, {""key"": ""Rare"", ""value"": ""6.1908 TLM""}]",70
73,2025-06-28,"[{""key"": ""Abundant"", ""value"": ""0.0790 TLM""}, {""key"": ""Common"", ""value"": ""0.1080 TLM""}, {""key"": ""Epic"", ""value"": ""6.1912 TLM""}, {""key"": ""Legendary"", ""value"": ""12.2005 TLM""}, {""key"": ""Mythical"", ""value"": ""92.5688 TLM""}, {""key"": ""Rare"", ""value"": ""5.2249 TLM""}]",68
74,2025-06-29,"[{""key"": ""Abundant"", ""value"": ""0.0858 TLM""}, {""key"": ""Common"", ""value"": ""0.1204 TLM""}, {""key"": ""Epic"", ""value"": ""8.3900 TLM""}, {""key"": ""Legendary"", ""value"": ""14.7672 TLM""}, {""key"": ""Mythical"", ""value"": ""109.8677 TLM""}, {""key"": ""Rare"", ""value"": ""7.5478 TLM""}]",64
75,2025-06-30,"[{""key"": ""Abundant"", ""value"": ""0.0739 TLM""}, {""key"": ""Common"", ""value"": ""0.1113 TLM""}, {""key"": ""Epic"", ""value"": ""9.7743 TLM""}, {""key"": ""Legendary"", ""value"": ""17.3185 TLM""}, {""key"": ""Mythical"", ""value"": ""119.1438 TLM""}, {""key"": ""Rare"", ""value"": ""8.0133 TLM""}]",67
76,2025-07-01,"[{""key"": ""Abundant"", ""value"": ""0.0855 TLM""}, {""key"": ""Common"", ""value"": ""0.1228 TLM""}, {""key"": ""Epic"", ""value"": ""8.5576 TLM""}, {""key"": ""Legendary"", ""value"": ""15.5300 TLM""}, {""key"": ""Mythical"", ""value"": ""113.8664 TLM""}, {""key"": ""Rare"", ""value"": ""8.0627 TLM""}]",69
77,2025-07-02,"[{""key"": ""Abundant"", ""value"": ""0.0836 TLM""}, {""key"": ""Common"", ""value"": ""0.1165 TLM""}, {""key"": ""Epic"", ""value"": ""8.5334 TLM""}, {""key"": ""Legendary"", ""value"": ""16.1945 TLM""}, {""key"": ""Mythical"", ""value"": ""109.5290 TLM""}, {""key"": ""Rare"", ""value"": ""7.9827 TLM""}]",68
78,2025-07-03,"[{""key"": ""Abundant"", ""value"": ""0.0820 TLM""}, {""key"": ""Common"", ""value"": ""0.1238 TLM""}, {""key"": ""Epic"", ""value"": ""8.2177 TLM""}, {""key"": ""Legendary"", ""value"": ""16.5584 TLM""}, {""key"": ""Mythical"", ""value"": ""115.2748 TLM""}, {""key"": ""Rare"", ""value"": ""7.7103 TLM""}]",63
79,2025-07-04,"[{""key"": ""Abundant"", ""value"": ""0.0980 TLM""}, {""key"": ""Common"", ""value"": ""0.1189 TLM""}, {""key"": ""Epic"", ""value"": ""8.9122 TLM""}, {""key"": ""Legendary"", ""value"": ""17.2375 TLM""}, {""key"": ""Mythical"", ""value"": ""93.0318 TLM""}, {""key"": ""Rare"", ""value"": ""7.4611 TLM""}]",66
80,2025-07-05,"[{""key"": ""Abundant"", ""value"": ""0.0998 TLM""}, {""key"": ""Common"", ""value"": ""0.1137 TLM""}, {""key"": ""Epic"", ""value"": ""8.0434 TLM""}, {""key"": ""Legendary"", ""value"": ""16.1149 TLM""}, {""key"": ""Mythical"", ""value"": ""96.1638 TLM""}, {""key"": ""Rare"", ""value"": ""7.6953 TLM""}]",68
81,2025-07-06,"[{""key"": ""Abundant"", ""value"": ""0.0889 TLM""}, {""key"": ""Common"", ""value"": ""0.1331 TLM""}, {""key"": ""Epic"", ""value"": ""8.2318 TLM""}, {""key"": ""Legendary"", ""value"": ""16.4564 TLM""}, {""key"": ""Mythical"", ""value"": ""87.0769 TLM""}, {""key"": ""Rare"", ""value"": ""7.6985 TLM""}]",64
82,2025-07-07,"[{""key"": ""Abundant"", ""value"": ""0.0993 TLM""}, {""key"": ""Common"", ""value"": ""0.1231 TLM""}, {""key"": ""Epic"", ""value"": ""8.5246 TLM""}, {""key"": ""Legendary"", ""value"": ""16.4205 TLM""}, {""key"": ""Mythical"", ""value"": ""79.6929 TLM""}, {""key"": ""Rare"", ""value"": ""7.3301 TLM""}]",70
83,2025-07-08,"[{""key"": ""Abundant"", ""value"": ""0.0849 TLM""}, {""key"": ""Common"", ""value"": ""0.1089 TLM""}, {""key"": ""Epic"", ""value"": ""7.7720 TLM""}, {""key"": ""Legendary"", ""value"": ""15.7480 TLM""}, {""key"": ""Mythical"", ""value"": ""90.8267 TLM""}, {""key"": ""Rare"", ""value"": ""7.5222 TLM""}]",68
84,2025-07-09,"[{""key"": ""Abundant"", ""value"": ""0.0860 TLM""}, {""key"": ""Common"", ""value"": ""0.1110 TLM""}, {""key"": ""Epic"", ""value"": ""7.5427 TLM""}, {""key"": ""Legendary"", ""value"": ""15.8690 TLM""}, {""key"": ""Mythical"", ""value"": ""80.9336 TLM""}, {""key"": ""Rare"", ""value"": ""8.2523 TLM""}]",70
85,2025-07-10,"[{""key"": ""Abundant"", ""value"": ""0.0881 TLM""}, {""key"": ""Common"", ""value"": ""0.1069 TLM""}, {""key"": ""Epic"", ""value"": ""7.7725 TLM""}, {""key"": ""Legendary"", ""value"": ""16.6714 TLM""}, {""key"": ""Mythical"", ""value"": ""80.9028 TLM""}, {""key"": ""Rare"", ""value"": ""7.0377 TLM""}]",66
86,2025-07-11,"[{""key"": ""Abundant"", ""value"": ""0.0921 TLM""}, {""key"": ""Common"", ""value"": ""0.1235 TLM""}, {""key"": ""Epic"", ""value"": ""7.3255 TLM""}, {""key"": ""Legendary"", ""value"": ""15.5254 TLM""}, {""key"": ""Mythical"", ""value"": ""75.7298 TLM""}, {""key"": ""Rare"", ""value"": ""7.3182 TLM""}]",69
87,2025-07-12,"[{""key"": ""Abundant"", ""value"": ""0.0812 TLM""}, {""key"": ""Common"", ""value"": ""0.1223 TLM""}, {""key"": ""Epic"", ""value"": ""7.5807 TLM""}, {""key"": ""Legendary"", ""value"": ""16.4211 TLM""}, {""key"": ""Mythical"", ""value"": ""76.3522 TLM""}, {""key"": ""Rare"", ""value"": ""6.8661 TLM""}]",69
88,2025-07-13,"[{""key"": ""Abundant"", ""value"": ""0.0877 TLM""}, {""key"": ""Common"", ""value"": ""0.1224 TLM""}, {""key"": ""Epic"", ""value"": ""7.2820 TLM""}, {""key"": ""Legendary"", ""value"": ""15.5715 TLM""}, {""key"": ""Mythical"", ""value"": ""78.1798 TLM""}, {""key"": ""Rare"", ""value"": ""7.0333 TLM""}]",71
89,2025-07-14,"[{""key"": ""Abundant"", ""value"": ""0.0904 TLM""}, {""key"": ""Common"", ""value"": ""0.1197 TLM""}, {""key"": ""Epic"", ""value"": ""7.2949 TLM""}, {""key"": ""Legendary"", ""value"": ""15.9219 TLM""}, {""key"": ""Mythical"", ""value"": ""75.1837 TLM""}, {""key"": ""Rare"", ""value"": ""7.0835 TLM""}]",71
90,2025-07-15,"[{""key"": ""Abundant"", ""value"": ""0.0863 TLM""}, {""key"": ""Common"", ""value"": ""0.1173 TLM""}, {""key"": ""Epic"", ""value"": ""7.3535 TLM""}, {""key"": ""Legendary"", ""value"": ""16.2471 TLM""}, {""key"": ""Mythical"", ""value"": ""74.9044 TLM""}, {""key"": ""Rare"", ""value"": ""7.0256 TLM""}]",61
91,2025-07-16,"[{""key"": ""Abundant"", ""value"": ""0.0868 TLM""}, {""key"": ""Common"", ""value"": ""0.1201 TLM""}, {""key"": ""Epic"", ""value"": ""7.1493 TLM""}, {""key"": ""Legendary"", ""value"": ""15.0921 TLM""}, {""key"": ""Mythical"", ""value"": ""78.9299 TLM""}, {""key"": ""Rare"", ""value"": ""6.9443 TLM""}]",69
92,2025-07-17,"[{""key"": ""Abundant"", ""value"": ""0.0835 TLM""}, {""key"": ""Common"", ""value"": ""0.1096 TLM""}, {""key"": ""Epic"", ""value"": ""7.1674 TLM""}, {""key"": ""Legendary"", ""value"": ""15.5740 TLM""}, {""key"": ""Mythical"", ""value"": ""77.4975 TLM""}, {""key"": ""Rare"", ""value"": ""6.7733 TLM""}]",71
93,2025-07-18,"[{""key"": ""Abundant"", ""value"": ""0.0840 TLM""}, {""key"": ""Common"", ""value"": ""0.1106 TLM""}, {""key"": ""Epic"", ""value"": ""7.3450 TLM""}, {""key"": ""Legendary"", ""value"": ""15.4216 TLM""}, {""key"": ""Mythical"", ""value"": ""73.8606 TLM""}, {""key"": ""Rare"", ""value"": ""6.9183 TLM""}]",66
94,2025-07-19,"[{""key"": ""Abundant"", ""value"": ""0.0931 TLM""}, {""key"": ""Common"", ""value"": ""0.1123 TLM""}, {""key"": ""Epic"", ""value"": ""7.3243 TLM""}, {""key"": ""Legendary"", ""value"": ""15.5796 TLM""}, {""key"": ""Mythical"", ""value"": ""78.8296 TLM""}, {""key"": ""Rare"", ""value"": ""7.0575 TLM""}]",67
95,2025-07-20,"[{""key"": ""Abundant"", ""value"": ""0.0865 TLM""}, {""key"": ""Common"", ""value"": ""0.1170 TLM""}, {""key"": ""Epic"", ""value"": ""7.0646 TLM""}, {""key"": ""Legendary"", ""value"": ""15.7502 TLM""}, {""key"": ""Mythical"", ""value"": ""75.1132 TLM""}, {""key"": ""Rare"", ""value"": ""6.9875 TLM""}]",73
96,2025-07-21,"[{""key"": ""Abundant"", ""value"": ""0.0819 TLM""}, {""key"": ""Common"", ""value"": ""0.1150 TLM""}, {""key"": ""Epic"", ""value"": ""6.6298 TLM""}, {""key"": ""Legendary"", ""value"": ""15.5391 TLM""}, {""key"": ""Mythical"", ""value"": ""74.3484 TLM""}, {""key"": ""Rare"", ""value"": ""7.0478 TLM""}]",69
97,2025-07-22,"[{""key"": ""Abundant"", ""value"": ""0.0863 TLM""}, {""key"": ""Common"", ""value"": ""0.1074 TLM""}, {""key"": ""Epic"", ""value"": ""6.8653 TLM""}, {""key"": ""Legendary"", ""value"": ""15.4110 TLM""}, {""key"": ""Mythical"", ""value"": ""73.9655 TLM""}, {""key"": ""Rare"", ""value"": ""6.7542 TLM""}]",64
98,2025-07-23,"[{""key"": ""Abundant"", ""value"": ""0.0837 TLM""}, {""key"": ""Common"", ""value"": ""0.1148 TLM""}, {""key"": ""Epic"", ""value"": ""6.7302 TLM""}, {""key"": ""Legendary"", ""value"": ""16.0556 TLM""}, {""key"": ""Mythical"", ""value"": ""73.8793 TLM""}, {""key"": ""Rare"", ""value"": ""6.3279 TLM""}]",64
99,2025-07-24,"[{""key"": ""Abundant"", ""value"": ""0.0836 TLM""}, {""key"": ""Common"", ""value"": ""0.1212 TLM""}, {""key"": ""Epic"", ""value"": ""6.7806 TLM""}, {""key"": ""Legendary"", ""value"": ""16.3662 TLM""}, {""key"": ""Mythical"", ""value"": ""75.7242 TLM""}, {""key"": ""Rare"", ""value"": ""6.1211 TLM""}]",64
100,2025-07-25,"[{""key"": ""Abundant"", ""value"": ""0.0786 TLM""}, {""key"": ""Common"", ""value"": ""0.1202 TLM""}, {""key"": ""Epic"", ""value"": ""6.3052 TLM""}, {""key"": ""Legendary"", ""value"": ""14.2666 TLM""}, {""key"": ""Mythical"", ""value"": ""75.4901 TLM""}, {""key"": ""Rare"", ""value"": ""5.7737 TLM""}]",70
101,2025-07-26,"[{""key"": ""Abundant"", ""value"": ""0.0804 TLM""}, {""key"": ""Common"", ""value"": ""0.1105 TLM""}, {""key"": ""Epic"", ""value"": ""5.8202 TLM""}, {""key"": ""Legendary"", ""value"": ""13.2599 TLM""}, {""key"": ""Mythical"", ""value"": ""81.1759 TLM""}, {""key"": ""Rare"", ""value"": ""5.0804 TLM""}]",65
102,2025-07-27,"[{""key"": ""Abundant"", ""value"": ""0.0772 TLM""}, {""key"": ""Common"", ""value"": ""0.1121 TLM""}, {""key"": ""Epic"", ""value"": ""6.1631 TLM""}, {""key"": ""Legendary"", ""value"": ""15.3436 TLM""}, {""key"": ""Mythical"", ""value"": ""83.7730 TLM""}, {""key"": ""Rare"", ""value"": ""6.1540 TLM""}]",69
103,2025-07-28,"[{""key"": ""Abundant"", ""value"": ""0.0765 TLM""}, {""key"": ""Common"", ""value"": ""0.1213 TLM""}, {""key"": ""Epic"", ""value"": ""6.0987 TLM""}, {""key"": ""Legendary"", ""value"": ""14.3213 TLM""}, {""key"": ""Mythical"", ""value"": ""72.6849 TLM""}, {""key"": ""Rare"", ""value"": ""6.1583 TLM""}]",69
104,2025-07-29,"[{""key"": ""Abundant"", ""value"": ""0.0802 TLM""}, {""key"": ""Common"", ""value"": ""0.0998 TLM""}, {""key"": ""Epic"", ""value"": ""5.9685 TLM""}, {""key"": ""Legendary"", ""value"": ""13.5464 TLM""}, {""key"": ""Mythical"", ""value"": ""74.3724 TLM""}, {""key"": ""Rare"", ""value"": ""5.6827 TLM""}]",68
105,2025-07-30,"[{""key"": ""Abundant"", ""value"": ""0.0825 TLM""}, {""key"": ""Common"", ""value"": ""0.1015 TLM""}, {""key"": ""Epic"", ""value"": ""5.7486 TLM""}, {""key"": ""Legendary"", ""value"": ""13.6621 TLM""}, {""key"": ""Mythical"", ""value"": ""71.8872 TLM""}, {""key"": ""Rare"", ""value"": ""5.9026 TLM""}]",64
106,2025-07-31,"[{""key"": ""Abundant"", ""value"": ""0.0749 TLM""}, {""key"": ""Common"", ""value"": ""0.0997 TLM""}, {""key"": ""Epic"", ""value"": ""5.7734 TLM""}, {""key"": ""Legendary"", ""value"": ""13.8754 TLM""}, {""key"": ""Mythical"", ""value"": ""76.1197 TLM""}, {""key"": ""Rare"", ""value"": ""5.5673 TLM""}]",67
107,2025-08-01,"[{""key"": ""Abundant"", ""value"": ""0.0767 TLM""}, {""key"": ""Common"", ""value"": ""0.1012 TLM""}, {""key"": ""Epic"", ""value"": ""5.6471 TLM""}, {""key"": ""Legendary"", ""value"": ""13.1785 TLM""}, {""key"": ""Mythical"", ""value"": ""76.2166 TLM""}, {""key"": ""Rare"", ""value"": ""5.6961 TLM""}]",67
108,2025-08-02,"[{""key"": ""Abundant"", ""value"": ""0.0782 TLM""}, {""key"": ""Common"", ""value"": ""0.1052 TLM""}, {""key"": ""Epic"", ""value"": ""5.5801 TLM""}, {""key"": ""Legendary"", ""value"": ""12.6594 TLM""}, {""key"": ""Mythical"", ""value"": ""79.2967 TLM""}, {""key"": ""Rare"", ""value"": ""5.8676 TLM""}]",68
109,2025-08-03,"[{""key"": ""Abundant"", ""value"": ""0.0772 TLM""}, {""key"": ""Common"", ""value"": ""0.1064 TLM""}, {""key"": ""Epic"", ""value"": ""5.5093 TLM""}, {""key"": ""Legendary"", ""value"": ""12.4284 TLM""}, {""key"": ""Mythical"", ""value"": ""76.0395 TLM""}, {""key"": ""Rare"", ""value"": ""5.7380 TLM""}]",73
110,2025-08-04,"[{""key"": ""Abundant"", ""value"": ""0.0753 TLM""}, {""key"": ""Common"", ""value"": ""0.1020 TLM""}, {""key"": ""Epic"", ""value"": ""5.2797 TLM""}, {""key"": ""Legendary"", ""value"": ""12.1349 TLM""}, {""key"": ""Mythical"", ""value"": ""72.4895 TLM""}, {""key"": ""Rare"", ""value"": ""5.2527 TLM""}]",67
111,2025-08-05,"[{""key"": ""Abundant"", ""value"": ""0.0776 TLM""}, {""key"": ""Common"", ""value"": ""0.0980 TLM""}, {""key"": ""Epic"", ""value"": ""5.3754 TLM""}, {""key"": ""Legendary"", ""value"": ""11.7530 TLM""}, {""key"": ""Mythical"", ""value"": ""73.8690 TLM""}, {""key"": ""Rare"", ""value"": ""5.0648 TLM""}]",71
112,2025-08-06,"[{""key"": ""Abundant"", ""value"": ""0.0736 TLM""}, {""key"": ""Common"", ""value"": ""0.1081 TLM""}, {""key"": ""Epic"", ""value"": ""5.2559 TLM""}, {""key"": ""Legendary"", ""value"": ""12.2622 TLM""}, {""key"": ""Mythical"", ""value"": ""73.1065 TLM""}, {""key"": ""Rare"", ""value"": ""4.9884 TLM""}]",69
113,2025-08-07,"[{""key"": ""Abundant"", ""value"": ""0.0772 TLM""}, {""key"": ""Common"", ""value"": ""0.0948 TLM""}, {""key"": ""Epic"", ""value"": ""5.2316 TLM""}, {""key"": ""Legendary"", ""value"": ""11.8227 TLM""}, {""key"": ""Mythical"", ""value"": ""76.8674 TLM""}, {""key"": ""Rare"", ""value"": ""5.2451 TLM""}]",70
114,2025-08-08,"[{""key"": ""Abundant"", ""value"": ""0.0784 TLM""}, {""key"": ""Common"", ""value"": ""0.0966 TLM""}, {""key"": ""Epic"", ""value"": ""5.1555 TLM""}, {""key"": ""Legendary"", ""value"": ""12.1831 TLM""}, {""key"": ""Mythical"", ""value"": ""74.8534 TLM""}, {""key"": ""Rare"", ""value"": ""4.8433 TLM""}]",67
115,2025-08-09,"[{""key"": ""Abundant"", ""value"": ""0.0800 TLM""}, {""key"": ""Common"", ""value"": ""0.1142 TLM""}, {""key"": ""Epic"", ""value"": ""5.3379 TLM""}, {""key"": ""Legendary"", ""value"": ""12.2060 TLM""}, {""key"": ""Mythical"", ""value"": ""78.3183 TLM""}, {""key"": ""Rare"", ""value"": ""4.5859 TLM""}]",68
116,2025-08-10,"[{""key"": ""Abundant"", ""value"": ""0.0783 TLM""}, {""key"": ""Common"", ""value"": ""0.1057 TLM""}, {""key"": ""Epic"", ""value"": ""5.4409 TLM""}, {""key"": ""Legendary"", ""value"": ""11.5774 TLM""}, {""key"": ""Mythical"", ""value"": ""75.5558 TLM""}, {""key"": ""Rare"", ""value"": ""4.3984 TLM""}]",65
117,2025-08-11,"[{""key"": ""Abundant"", ""value"": ""0.0770 TLM""}, {""key"": ""Common"", ""value"": ""0.1081 TLM""}, {""key"": ""Epic"", ""value"": ""5.0906 TLM""}, {""key"": ""Legendary"", ""value"": ""11.3996 TLM""}, {""key"": ""Mythical"", ""value"": ""72.6197 TLM""}, {""key"": ""Rare"", ""value"": ""3.9293 TLM""}]",67
118,2025-08-12,"[{""key"": ""Abundant"", ""value"": ""0.0748 TLM""}, {""key"": ""Common"", ""value"": ""0.0987 TLM""}, {""key"": ""Epic"", ""value"": ""5.4354 TLM""}, {""key"": ""Legendary"", ""value"": ""11.8308 TLM""}, {""key"": ""Mythical"", ""value"": ""71.4882 TLM""}, {""key"": ""Rare"", ""value"": ""4.1617 TLM""}]",71
119,2025-08-13,"[{""key"": ""Abundant"", ""value"": ""0.0752 TLM""}, {""key"": ""Common"", ""value"": ""0.1144 TLM""}, {""key"": ""Epic"", ""value"": ""5.2947 TLM""}, {""key"": ""Legendary"", ""value"": ""11.1888 TLM""}, {""key"": ""Mythical"", ""value"": ""69.6592 TLM""}, {""key"": ""Rare"", ""value"": ""3.9552 TLM""}]",69
120,2025-08-14,"[{""key"": ""Abundant"", ""value"": ""0.0734 TLM""}, {""key"": ""Common"", ""value"": ""0.1139 TLM""}, {""key"": ""Epic"", ""value"": ""5.3181 TLM""}, {""key"": ""Legendary"", ""value"": ""12.5205 TLM""}, {""key"": ""Mythical"", ""value"": ""73.8905 TLM""}, {""key"": ""Rare"", ""value"": ""4.8691 TLM""}]",67
121,2025-08-15,"[{""key"": ""Abundant"", ""value"": ""0.0707 TLM""}, {""key"": ""Common"", ""value"": ""0.0993 TLM""}, {""key"": ""Epic"", ""value"": ""5.0013 TLM""}, {""key"": ""Legendary"", ""value"": ""10.5109 TLM""}, {""key"": ""Mythical"", ""value"": ""82.5436 TLM""}, {""key"": ""Rare"", ""value"": ""4.1864 TLM""}]",63
122,2025-08-16,"[{""key"": ""Abundant"", ""value"": ""0.0723 TLM""}, {""key"": ""Common"", ""value"": ""0.0981 TLM""}, {""key"": ""Epic"", ""value"": ""4.7540 TLM""}, {""key"": ""Legendary"", ""value"": ""11.0149 TLM""}, {""key"": ""Mythical"", ""value"": ""79.7262 TLM""}, {""key"": ""Rare"", ""value"": ""4.2400 TLM""}]",70
123,2025-08-17,"[{""key"": ""Abundant"", ""value"": ""0.0748 TLM""}, {""key"": ""Common"", ""value"": ""0.1083 TLM""}, {""key"": ""Epic"", ""value"": ""4.6756 TLM""}, {""key"": ""Legendary"", ""value"": ""11.6295 TLM""}, {""key"": ""Mythical"", ""value"": ""74.9833 TLM""}, {""key"": ""Rare"", ""value"": ""3.6848 TLM""}]",66
124,2025-08-18,"[{""key"": ""Abundant"", ""value"": ""0.0691 TLM""}, {""key"": ""Common"", ""value"": ""0.0991 TLM""}, {""key"": ""Epic"", ""value"": ""4.5154 TLM""}, {""key"": ""Legendary"", ""value"": ""10.6198 TLM""}, {""key"": ""Mythical"", ""value"": ""67.6212 TLM""}, {""key"": ""Rare"", ""value"": ""3.2718 TLM""}]",71
125,2025-08-19,"[{""key"": ""Abundant"", ""value"": ""0.0666 TLM""}, {""key"": ""Common"", ""value"": ""0.0968 TLM""}, {""key"": ""Epic"", ""value"": ""4.1526 TLM""}, {""key"": ""Legendary"", ""value"": ""10.5562 TLM""}, {""key"": ""Mythical"", ""value"": ""65.5804 TLM""}, {""key"": ""Rare"", ""value"": ""3.1978 TLM""}]",66
126,2025-08-20,"[{""key"": ""Abundant"", ""value"": ""0.0701 TLM""}, {""key"": ""Common"", ""value"": ""0.1067 TLM""}, {""key"": ""Epic"", ""value"": ""3.8207 TLM""}, {""key"": ""Legendary"", ""value"": ""10.1536 TLM""}, {""key"": ""Mythical"", ""value"": ""67.0900 TLM""}, {""key"": ""Rare"", ""value"": ""3.0386 TLM""}]",67
127,2025-08-21,"[{""key"": ""Abundant"", ""value"": ""0.0655 TLM""}, {""key"": ""Common"", ""value"": ""0.0990 TLM""}, {""key"": ""Epic"", ""value"": ""3.9996 TLM""}, {""key"": ""Legendary"", ""value"": ""10.4279 TLM""}, {""key"": ""Mythical"", ""value"": ""69.4418 TLM""}, {""key"": ""Rare"", ""value"": ""3.1150 TLM""}]",65
128,2025-08-22,"[{""key"": ""Abundant"", ""value"": ""0.0664 TLM""}, {""key"": ""Common"", ""value"": ""0.1026 TLM""}, {""key"": ""Epic"", ""value"": ""4.1029 TLM""}, {""key"": ""Legendary"", ""value"": ""9.7323 TLM""}, {""key"": ""Mythical"", ""value"": ""64.2620 TLM""}, {""key"": ""Rare"", ""value"": ""3.1776 TLM""}]",68
129,2025-08-23,"[{""key"": ""Abundant"", ""value"": ""0.0658 TLM""}, {""key"": ""Common"", ""value"": ""0.1061 TLM""}, {""key"": ""Epic"", ""value"": ""3.8607 TLM""}, {""key"": ""Legendary"", ""value"": ""10.0304 TLM""}, {""key"": ""Mythical"", ""value"": ""68.8346 TLM""}, {""key"": ""Rare"", ""value"": ""2.9020 TLM""}]",72
130,2025-08-24,"[{""key"": ""Abundant"", ""value"": ""0.0627 TLM""}, {""key"": ""Common"", ""value"": ""0.0953 TLM""}, {""key"": ""Epic"", ""value"": ""3.8526 TLM""}, {""key"": ""Legendary"", ""value"": ""10.4521 TLM""}, {""key"": ""Mythical"", ""value"": ""69.6177 TLM""}, {""key"": ""Rare"", ""value"": ""2.8168 TLM""}]",63
131,2025-08-25,"[{""key"": ""Abundant"", ""value"": ""0.0732 TLM""}, {""key"": ""Common"", ""value"": ""0.0927 TLM""}, {""key"": ""Epic"", ""value"": ""3.8844 TLM""}, {""key"": ""Legendary"", ""value"": ""10.6463 TLM""}, {""key"": ""Mythical"", ""value"": ""66.5622 TLM""}, {""key"": ""Rare"", ""value"": ""2.8544 TLM""}]",44
132,2025-08-26,"[{""key"": ""Abundant"", ""value"": ""0.0687 TLM""}, {""key"": ""Common"", ""value"": ""0.1084 TLM""}, {""key"": ""Epic"", ""value"": ""3.7158 TLM""}, {""key"": ""Legendary"", ""value"": ""10.0362 TLM""}, {""key"": ""Mythical"", ""value"": ""63.6307 TLM""}, {""key"": ""Rare"", ""value"": ""2.5739 TLM""}]",32
133,2025-08-27,"[{""key"": ""Abundant"", ""value"": ""0.0824 TLM""}, {""key"": ""Common"", ""value"": ""0.1097 TLM""}, {""key"": ""Epic"", ""value"": ""3.4983 TLM""}, {""key"": ""Legendary"", ""value"": ""9.9346 TLM""}, {""key"": ""Mythical"", ""value"": ""64.5959 TLM""}, {""key"": ""Rare"", ""value"": ""2.4632 TLM""}]",72
134,2025-08-28,"[{""key"": ""Abundant"", ""value"": ""0.0691 TLM""}, {""key"": ""Common"", ""value"": ""0.0969 TLM""}, {""key"": ""Epic"", ""value"": ""3.6350 TLM""}, {""key"": ""Legendary"", ""value"": ""9.9629 TLM""}, {""key"": ""Mythical"", ""value"": ""67.3925 TLM""}, {""key"": ""Rare"", ""value"": ""2.4566 TLM""}]",70
135,2025-08-29,"[{""key"": ""Abundant"", ""value"": ""0.0663 TLM""}, {""key"": ""Common"", ""value"": ""0.0865 TLM""}, {""key"": ""Epic"", ""value"": ""3.4648 TLM""}, {""key"": ""Legendary"", ""value"": ""10.8785 TLM""}, {""key"": ""Mythical"", ""value"": ""67.4761 TLM""}, {""key"": ""Rare"", ""value"": ""2.5289 TLM""}]",66
136,2025-08-30,"[{""key"": ""Abundant"", ""value"": ""0.0690 TLM""}, {""key"": ""Common"", ""value"": ""0.0977 TLM""}, {""key"": ""Epic"", ""value"": ""3.3164 TLM""}, {""key"": ""Legendary"", ""value"": ""10.5143 TLM""}, {""key"": ""Mythical"", ""value"": ""65.3358 TLM""}, {""key"": ""Rare"", ""value"": ""2.5006 TLM""}]",69
137,2025-08-31,"[{""key"": ""Abundant"", ""value"": ""0.0712 TLM""}, {""key"": ""Common"", ""value"": ""0.0876 TLM""}, {""key"": ""Epic"", ""value"": ""3.1752 TLM""}, {""key"": ""Legendary"", ""value"": ""10.7904 TLM""}, {""key"": ""Mythical"", ""value"": ""67.8809 TLM""}, {""key"": ""Rare"", ""value"": ""2.6379 TLM""}]",67
138,2025-09-01,"[{""key"": ""Abundant"", ""value"": ""0.0731 TLM""}, {""key"": ""Common"", ""value"": ""0.1030 TLM""}, {""key"": ""Epic"", ""value"": ""3.3563 TLM""}, {""key"": ""Legendary"", ""value"": ""10.4125 TLM""}, {""key"": ""Mythical"", ""value"": ""63.6803 TLM""}, {""key"": ""Rare"", ""value"": ""2.3105 TLM""}]",65
139,2025-09-02,"[{""key"": ""Abundant"", ""value"": ""0.0730 TLM""}, {""key"": ""Common"", ""value"": ""0.1059 TLM""}, {""key"": ""Epic"", ""value"": ""3.2426 TLM""}, {""key"": ""Legendary"", ""value"": ""10.3634 TLM""}, {""key"": ""Mythical"", ""value"": ""70.1219 TLM""}, {""key"": ""Rare"", ""value"": ""2.6221 TLM""}]",66
140,2025-09-03,"[{""key"": ""Abundant"", ""value"": ""0.0683 TLM""}, {""key"": ""Common"", ""value"": ""0.0946 TLM""}, {""key"": ""Epic"", ""value"": ""3.2153 TLM""}, {""key"": ""Legendary"", ""value"": ""9.9506 TLM""}, {""key"": ""Mythical"", ""value"": ""63.8033 TLM""}, {""key"": ""Rare"", ""value"": ""2.2108 TLM""}]",66
141,2025-09-04,"[{""key"": ""Abundant"", ""value"": ""0.0705 TLM""}, {""key"": ""Common"", ""value"": ""0.1018 TLM""}, {""key"": ""Epic"", ""value"": ""3.2546 TLM""}, {""key"": ""Legendary"", ""value"": ""10.2387 TLM""}, {""key"": ""Mythical"", ""value"": ""64.3173 TLM""}, {""key"": ""Rare"", ""value"": ""2.2489 TLM""}]",72
142,2025-09-05,"[{""key"": ""Abundant"", ""value"": ""0.0718 TLM""}, {""key"": ""Common"", ""value"": ""0.0995 TLM""}, {""key"": ""Epic"", ""value"": ""3.0626 TLM""}, {""key"": ""Legendary"", ""value"": ""10.2499 TLM""}, {""key"": ""Mythical"", ""value"": ""64.9988 TLM""}, {""key"": ""Rare"", ""value"": ""2.1182 TLM""}]",67
143,2025-09-06,"[{""key"": ""Abundant"", ""value"": ""0.0679 TLM""}, {""key"": ""Common"", ""value"": ""0.0932 TLM""}, {""key"": ""Epic"", ""value"": ""3.0027 TLM""}, {""key"": ""Legendary"", ""value"": ""9.2278 TLM""}, {""key"": ""Mythical"", ""value"": ""64.7650 TLM""}, {""key"": ""Rare"", ""value"": ""2.1821 TLM""}]",63
144,2025-09-07,"[{""key"": ""Abundant"", ""value"": ""0.0675 TLM""}, {""key"": ""Common"", ""value"": ""0.1061 TLM""}, {""key"": ""Epic"", ""value"": ""2.9960 TLM""}, {""key"": ""Legendary"", ""value"": ""9.2419 TLM""}, {""key"": ""Mythical"", ""value"": ""65.1959 TLM""}, {""key"": ""Rare"", ""value"": ""2.1692 TLM""}]",67
145,2025-09-08,"[{""key"": ""Abundant"", ""value"": ""0.0695 TLM""}, {""key"": ""Common"", ""value"": ""0.1030 TLM""}, {""key"": ""Epic"", ""value"": ""2.9362 TLM""}, {""key"": ""Legendary"", ""value"": ""9.1880 TLM""}, {""key"": ""Mythical"", ""value"": ""63.9363 TLM""}, {""key"": ""Rare"", ""value"": ""2.1392 TLM""}]",69
146,2025-09-09,"[{""key"": ""Abundant"", ""value"": ""0.0706 TLM""}, {""key"": ""Common"", ""value"": ""0.0963 TLM""}, {""key"": ""Epic"", ""value"": ""2.9529 TLM""}, {""key"": ""Legendary"", ""value"": ""9.0009 TLM""}, {""key"": ""Mythical"", ""value"": ""63.1005 TLM""}, {""key"": ""Rare"", ""value"": ""2.2703 TLM""}]",72
147,2025-09-10,"[{""key"": ""Abundant"", ""value"": ""0.0734 TLM""}, {""key"": ""Common"", ""value"": ""0.0997 TLM""}, {""key"": ""Epic"", ""value"": ""2.9198 TLM""}, {""key"": ""Legendary"", ""value"": ""9.3354 TLM""}, {""key"": ""Mythical"", ""value"": ""65.2912 TLM""}, {""key"": ""Rare"", ""value"": ""1.7970 TLM""}]",66
148,2025-09-11,"[{""key"": ""Abundant"", ""value"": ""0.0773 TLM""}, {""key"": ""Common"", ""value"": ""0.0995 TLM""}, {""key"": ""Epic"", ""value"": ""3.0854 TLM""}, {""key"": ""Legendary"", ""value"": ""9.4010 TLM""}, {""key"": ""Mythical"", ""value"": ""63.0363 TLM""}, {""key"": ""Rare"", ""value"": ""1.8919 TLM""}]",68
149,2025-09-12,"[{""key"": ""Abundant"", ""value"": ""0.0656 TLM""}, {""key"": ""Common"", ""value"": ""0.0947 TLM""}, {""key"": ""Epic"", ""value"": ""2.9327 TLM""}, {""key"": ""Legendary"", ""value"": ""9.6990 TLM""}, {""key"": ""Mythical"", ""value"": ""63.9996 TLM""}, {""key"": ""Rare"", ""value"": ""1.7662 TLM""}]",65
150,2025-09-13,"[{""key"": ""Abundant"", ""value"": ""0.0670 TLM""}, {""key"": ""Common"", ""value"": ""0.0894 TLM""}, {""key"": ""Epic"", ""value"": ""2.8851 TLM""}, {""key"": ""Legendary"", ""value"": ""9.4013 TLM""}, {""key"": ""Mythical"", ""value"": ""69.6162 TLM""}, {""key"": ""Rare"", ""value"": ""1.6960 TLM""}]",70
151,2025-09-14,"[{""key"": ""Abundant"", ""value"": ""0.0711 TLM""}, {""key"": ""Common"", ""value"": ""0.1039 TLM""}, {""key"": ""Epic"", ""value"": ""2.9636 TLM""}, {""key"": ""Legendary"", ""value"": ""9.4345 TLM""}, {""key"": ""Mythical"", ""value"": ""67.4751 TLM""}, {""key"": ""Rare"", ""value"": ""1.7388 TLM""}]",67
152,2025-09-15,"[{""key"": ""Abundant"", ""value"": ""0.0657 TLM""}, {""key"": ""Common"", ""value"": ""0.1070 TLM""}, {""key"": ""Epic"", ""value"": ""3.7861 TLM""}, {""key"": ""Legendary"", ""value"": ""10.2215 TLM""}, {""key"": ""Mythical"", ""value"": ""64.6306 TLM""}, {""key"": ""Rare"", ""value"": ""2.0920 TLM""}]",64
153,2025-09-16,"[{""key"": ""Abundant"", ""value"": ""0.0690 TLM""}, {""key"": ""Common"", ""value"": ""0.1015 TLM""}, {""key"": ""Epic"", ""value"": ""9.0621 TLM""}, {""key"": ""Legendary"", ""value"": ""16.1923 TLM""}, {""key"": ""Mythical"", ""value"": ""74.5992 TLM""}, {""key"": ""Rare"", ""value"": ""3.5755 TLM""}]",68
154,2025-09-17,"[{""key"": ""Abundant"", ""value"": ""0.0720 TLM""}, {""key"": ""Common"", ""value"": ""0.1054 TLM""}, {""key"": ""Epic"", ""value"": ""6.6610 TLM""}, {""key"": ""Legendary"", ""value"": ""15.4097 TLM""}, {""key"": ""Mythical"", ""value"": ""87.8159 TLM""}, {""key"": ""Rare"", ""value"": ""3.3743 TLM""}]",65
155,2025-09-18,"[{""key"": ""Abundant"", ""value"": ""0.0678 TLM""}, {""key"": ""Common"", ""value"": ""0.0924 TLM""}, {""key"": ""Epic"", ""value"": ""3.7002 TLM""}, {""key"": ""Legendary"", ""value"": ""11.3689 TLM""}, {""key"": ""Mythical"", ""value"": ""84.6926 TLM""}, {""key"": ""Rare"", ""value"": ""2.8960 TLM""}]",67
156,2025-09-19,"[{""key"": ""Abundant"", ""value"": ""0.0667 TLM""}, {""key"": ""Common"", ""value"": ""0.0954 TLM""}, {""key"": ""Epic"", ""value"": ""3.6425 TLM""}, {""key"": ""Legendary"", ""value"": ""10.0169 TLM""}, {""key"": ""Mythical"", ""value"": ""84.4562 TLM""}, {""key"": ""Rare"", ""value"": ""2.5761 TLM""}]",71
157,2025-09-20,"[{""key"": ""Abundant"", ""value"": ""0.0839 TLM""}, {""key"": ""Common"", ""value"": ""0.0908 TLM""}, {""key"": ""Epic"", ""value"": ""5.9367 TLM""}, {""key"": ""Legendary"", ""value"": ""10.0418 TLM""}, {""key"": ""Mythical"", ""value"": ""84.3473 TLM""}, {""key"": ""Rare"", ""value"": ""2.9990 TLM""}]",69
158,2025-09-21,"[{""key"": ""Abundant"", ""value"": ""0.0721 TLM""}, {""key"": ""Common"", ""value"": ""0.0912 TLM""}, {""key"": ""Epic"", ""value"": ""5.3426 TLM""}, {""key"": ""Legendary"", ""value"": ""9.6832 TLM""}, {""key"": ""Mythical"", ""value"": ""77.0119 TLM""}, {""key"": ""Rare"", ""value"": ""2.8575 TLM""}]",71
159,2025-09-22,"[{""key"": ""Abundant"", ""value"": ""0.0702 TLM""}, {""key"": ""Common"", ""value"": ""0.0932 TLM""}, {""key"": ""Epic"", ""value"": ""6.5115 TLM""}, {""key"": ""Legendary"", ""value"": ""11.2658 TLM""}, {""key"": ""Mythical"", ""value"": ""69.7427 TLM""}, {""key"": ""Rare"", ""value"": ""3.3156 TLM""}]",68
160,2025-09-23,"[{""key"": ""Abundant"", ""value"": ""0.0673 TLM""}, {""key"": ""Common"", ""value"": ""0.0930 TLM""}, {""key"": ""Epic"", ""value"": ""10.4662 TLM""}, {""key"": ""Legendary"", ""value"": ""15.0897 TLM""}, {""key"": ""Mythical"", ""value"": ""88.7710 TLM""}, {""key"": ""Rare"", ""value"": ""7.6707 TLM""}]",69
161,2025-09-24,"[{""key"": ""Abundant"", ""value"": ""0.0667 TLM""}, {""key"": ""Common"", ""value"": ""0.0953 TLM""}, {""key"": ""Epic"", ""value"": ""8.7237 TLM""}, {""key"": ""Legendary"", ""value"": ""15.4140 TLM""}, {""key"": ""Mythical"", ""value"": ""84.1268 TLM""}, {""key"": ""Rare"", ""value"": ""4.5069 TLM""}]",1
162,2025-09-25,"[{""key"": ""Abundant"", ""value"": ""0.0678 TLM""}, {""key"": ""Common"", ""value"": ""0.0965 TLM""}, {""key"": ""Epic"", ""value"": ""9.7023 TLM""}, {""key"": ""Legendary"", ""value"": ""14.0867 TLM""}, {""key"": ""Mythical"", ""value"": ""82.3226 TLM""}, {""key"": ""Rare"", ""value"": ""3.5403 TLM""}]",1
163,2025-09-26,"[{""key"": ""Abundant"", ""value"": ""0.0708 TLM""}, {""key"": ""Common"", ""value"": ""0.0919 TLM""}, {""key"": ""Epic"", ""value"": ""7.6416 TLM""}, {""key"": ""Legendary"", ""value"": ""12.7141 TLM""}, {""key"": ""Mythical"", ""value"": ""84.8223 TLM""}, {""key"": ""Rare"", ""value"": ""3.1463 TLM""}]",1
164,2025-09-27,"[{""key"": ""Abundant"", ""value"": ""0.0739 TLM""}, {""key"": ""Common"", ""value"": ""0.0933 TLM""}, {""key"": ""Epic"", ""value"": ""5.8267 TLM""}, {""key"": ""Legendary"", ""value"": ""12.1701 TLM""}, {""key"": ""Mythical"", ""value"": ""82.2200 TLM""}, {""key"": ""Rare"", ""value"": ""3.1682 TLM""}]",1
165,2025-09-28,"[{""key"": ""Abundant"", ""value"": ""0.0722 TLM""}, {""key"": ""Common"", ""value"": ""0.0991 TLM""}, {""key"": ""Epic"", ""value"": ""5.3678 TLM""}, {""key"": ""Legendary"", ""value"": ""11.0387 TLM""}, {""key"": ""Mythical"", ""value"": ""71.3374 TLM""}, {""key"": ""Rare"", ""value"": ""2.7510 TLM""}]",1
166,2025-09-29,"[{""key"": ""Abundant"", ""value"": ""0.0662 TLM""}, {""key"": ""Common"", ""value"": ""0.0931 TLM""}, {""key"": ""Epic"", ""value"": ""8.0008 TLM""}, {""key"": ""Legendary"", ""value"": ""13.0783 TLM""}, {""key"": ""Mythical"", ""value"": ""75.3855 TLM""}, {""key"": ""Rare"", ""value"": ""2.7697 TLM""}]",1
167,2025-09-30,"[{""key"": ""Abundant"", ""value"": ""0.0707 TLM""}, {""key"": ""Common"", ""value"": ""0.0913 TLM""}, {""key"": ""Epic"", ""value"": ""7.2831 TLM""}, {""key"": ""Legendary"", ""value"": ""13.1175 TLM""}, {""key"": ""Mythical"", ""value"": ""81.5309 TLM""}, {""key"": ""Rare"", ""value"": ""2.7464 TLM""}]",1
168,2025-10-01,"[{""key"": ""Abundant"", ""value"": ""0.0735 TLM""}, {""key"": ""Common"", ""value"": ""0.1027 TLM""}, {""key"": ""Epic"", ""value"": ""4.2985 TLM""}, {""key"": ""Legendary"", ""value"": ""12.6627 TLM""}, {""key"": ""Mythical"", ""value"": ""78.5498 TLM""}, {""key"": ""Rare"", ""value"": ""2.9767 TLM""}]",1
169,2025-10-02,"[{""key"": ""Abundant"", ""value"": ""0.0644 TLM""}, {""key"": ""Common"", ""value"": ""0.0916 TLM""}, {""key"": ""Epic"", ""value"": ""3.7796 TLM""}, {""key"": ""Legendary"", ""value"": ""10.1761 TLM""}, {""key"": ""Mythical"", ""value"": ""64.3314 TLM""}, {""key"": ""Rare"", ""value"": ""2.6571 TLM""}]",69
170,2025-10-03,"[{""key"": ""Abundant"", ""value"": ""0.0619 TLM""}, {""key"": ""Common"", ""value"": ""0.0976 TLM""}, {""key"": ""Epic"", ""value"": ""6.1200 TLM""}, {""key"": ""Legendary"", ""value"": ""11.9074 TLM""}, {""key"": ""Mythical"", ""value"": ""68.9843 TLM""}, {""key"": ""Rare"", ""value"": ""3.0077 TLM""}]",70
171,2025-10-04,"[{""key"": ""Abundant"", ""value"": ""0.0523 TLM""}, {""key"": ""Common"", ""value"": ""0.1035 TLM""}, {""key"": ""Epic"", ""value"": ""7.3967 TLM""}, {""key"": ""Legendary"", ""value"": ""10.8709 TLM""}, {""key"": ""Mythical"", ""value"": ""66.1685 TLM""}, {""key"": ""Rare"", ""value"": ""2.5065 TLM""}]",67
172,2025-10-05,"[{""key"": ""Abundant"", ""value"": ""0.0460 TLM""}, {""key"": ""Common"", ""value"": ""0.0846 TLM""}, {""key"": ""Epic"", ""value"": ""10.0285 TLM""}, {""key"": ""Legendary"", ""value"": ""14.2332 TLM""}, {""key"": ""Mythical"", ""value"": ""70.4084 TLM""}, {""key"": ""Rare"", ""value"": ""5.7489 TLM""}]",70
173,2025-10-06,"[{""key"": ""Abundant"", ""value"": ""0.0494 TLM""}, {""key"": ""Common"", ""value"": ""0.0928 TLM""}, {""key"": ""Epic"", ""value"": ""8.9619 TLM""}, {""key"": ""Legendary"", ""value"": ""17.7835 TLM""}, {""key"": ""Mythical"", ""value"": ""91.1108 TLM""}, {""key"": ""Rare"", ""value"": ""8.4463 TLM""}]",66
174,2025-10-07,"[{""key"": ""Abundant"", ""value"": ""0.0495 TLM""}, {""key"": ""Common"", ""value"": ""0.0943 TLM""}, {""key"": ""Epic"", ""value"": ""6.7801 TLM""}, {""key"": ""Legendary"", ""value"": ""18.2815 TLM""}, {""key"": ""Mythical"", ""value"": ""92.9604 TLM""}, {""key"": ""Rare"", ""value"": ""5.6936 TLM""}]",63
175,2025-10-08,"[{""key"": ""Abundant"", ""value"": ""0.0535 TLM""}, {""key"": ""Common"", ""value"": ""0.0986 TLM""}, {""key"": ""Epic"", ""value"": ""5.8368 TLM""}, {""key"": ""Legendary"", ""value"": ""19.9058 TLM""}, {""key"": ""Mythical"", ""value"": ""96.3369 TLM""}, {""key"": ""Rare"", ""value"": ""4.9505 TLM""}]",65
176,2025-10-09,"[{""key"": ""Abundant"", ""value"": ""0.0597 TLM""}, {""key"": ""Common"", ""value"": ""0.0915 TLM""}, {""key"": ""Epic"", ""value"": ""11.7488 TLM""}, {""key"": ""Legendary"", ""value"": ""23.0726 TLM""}, {""key"": ""Mythical"", ""value"": ""93.8410 TLM""}, {""key"": ""Rare"", ""value"": ""8.5727 TLM""}]",69
177,2025-10-10,"[{""key"": ""Abundant"", ""value"": ""0.0513 TLM""}, {""key"": ""Common"", ""value"": ""0.0948 TLM""}, {""key"": ""Epic"", ""value"": ""7.8745 TLM""}, {""key"": ""Legendary"", ""value"": ""23.8108 TLM""}, {""key"": ""Mythical"", ""value"": ""96.0251 TLM""}, {""key"": ""Rare"", ""value"": ""5.9150 TLM""}]",69
178,2025-10-11,"[{""key"": ""Abundant"", ""value"": ""0.0467 TLM""}, {""key"": ""Common"", ""value"": ""0.0848 TLM""}, {""key"": ""Epic"", ""value"": ""4.7800 TLM""}, {""key"": ""Legendary"", ""value"": ""17.5824 TLM""}, {""key"": ""Mythical"", ""value"": ""92.4618 TLM""}, {""key"": ""Rare"", ""value"": ""3.5664 TLM""}]",68
179,2025-10-12,"[{""key"": ""Abundant"", ""value"": ""0.0490 TLM""}, {""key"": ""Common"", ""value"": ""0.0771 TLM""}, {""key"": ""Epic"", ""value"": ""3.6121 TLM""}, {""key"": ""Legendary"", ""value"": ""17.0424 TLM""}, {""key"": ""Mythical"", ""value"": ""90.4770 TLM""}, {""key"": ""Rare"", ""value"": ""2.9712 TLM""}]",69
180,2025-10-13,"[{""key"": ""Abundant"", ""value"": ""0.0525 TLM""}, {""key"": ""Common"", ""value"": ""0.1000 TLM""}, {""key"": ""Epic"", ""value"": ""8.3921 TLM""}, {""key"": ""Legendary"", ""value"": ""15.9089 TLM""}, {""key"": ""Mythical"", ""value"": ""72.4538 TLM""}, {""key"": ""Rare"", ""value"": ""6.9729 TLM""}]",70
181,2025-10-14,"[{""key"": ""Abundant"", ""value"": ""0.0507 TLM""}, {""key"": ""Common"", ""value"": ""0.1012 TLM""}, {""key"": ""Epic"", ""value"": ""13.7325 TLM""}, {""key"": ""Legendary"", ""value"": ""21.6859 TLM""}, {""key"": ""Mythical"", ""value"": ""95.2746 TLM""}, {""key"": ""Rare"", ""value"": ""10.9622 TLM""}]",66
182,2025-10-15,"[{""key"": ""Abundant"", ""value"": ""0.0495 TLM""}, {""key"": ""Common"", ""value"": ""0.0983 TLM""}, {""key"": ""Epic"", ""value"": ""18.0421 TLM""}, {""key"": ""Legendary"", ""value"": ""20.7476 TLM""}, {""key"": ""Mythical"", ""value"": ""103.0716 TLM""}, {""key"": ""Rare"", ""value"": ""9.2736 TLM""}]",64
183,2025-10-16,"[{""key"": ""Abundant"", ""value"": ""0.0500 TLM""}, {""key"": ""Common"", ""value"": ""0.0890 TLM""}, {""key"": ""Epic"", ""value"": ""16.0569 TLM""}, {""key"": ""Legendary"", ""value"": ""29.2355 TLM""}, {""key"": ""Mythical"", ""value"": ""93.7997 TLM""}, {""key"": ""Rare"", ""value"": ""9.4626 TLM""}]",67
184,2025-10-17,"[{""key"": ""Abundant"", ""value"": ""0.0451 TLM""}, {""key"": ""Common"", ""value"": ""0.0783 TLM""}, {""key"": ""Epic"", ""value"": ""17.9901 TLM""}, {""key"": ""Legendary"", ""value"": ""24.6613 TLM""}, {""key"": ""Mythical"", ""value"": ""85.9056 TLM""}, {""key"": ""Rare"", ""value"": ""10.6259 TLM""}]",69
185,2025-10-18,"[{""key"": ""Abundant"", ""value"": ""0.0470 TLM""}, {""key"": ""Common"", ""value"": ""0.0753 TLM""}, {""key"": ""Epic"", ""value"": ""16.9543 TLM""}, {""key"": ""Legendary"", ""value"": ""24.0401 TLM""}, {""key"": ""Mythical"", ""value"": ""87.0433 TLM""}, {""key"": ""Rare"", ""value"": ""8.8738 TLM""}]",69
186,2025-10-19,"[{""key"": ""Abundant"", ""value"": ""0.0571 TLM""}, {""key"": ""Common"", ""value"": ""0.0846 TLM""}, {""key"": ""Epic"", ""value"": ""17.7576 TLM""}, {""key"": ""Legendary"", ""value"": ""25.7969 TLM""}, {""key"": ""Mythical"", ""value"": ""89.4359 TLM""}, {""key"": ""Rare"", ""value"": ""6.7402 TLM""}]",69
187,2025-10-20,"[{""key"": ""Abundant"", ""value"": ""0.0527 TLM""}, {""key"": ""Common"", ""value"": ""0.0747 TLM""}, {""key"": ""Epic"", ""value"": ""15.1669 TLM""}, {""key"": ""Legendary"", ""value"": ""26.2438 TLM""}, {""key"": ""Mythical"", ""value"": ""84.5170 TLM""}, {""key"": ""Rare"", ""value"": ""6.0441 TLM""}]",68
188,2025-10-21,"[{""key"": ""Abundant"", ""value"": ""0.0510 TLM""}, {""key"": ""Common"", ""value"": ""0.0692 TLM""}, {""key"": ""Epic"", ""value"": ""17.7924 TLM""}, {""key"": ""Legendary"", ""value"": ""22.1917 TLM""}, {""key"": ""Mythical"", ""value"": ""83.9207 TLM""}, {""key"": ""Rare"", ""value"": ""5.6330 TLM""}]",64
189,2025-10-22,"[{""key"": ""Abundant"", ""value"": ""0.0506 TLM""}, {""key"": ""Common"", ""value"": ""0.0716 TLM""}, {""key"": ""Epic"", ""value"": ""10.1689 TLM""}, {""key"": ""Legendary"", ""value"": ""19.3444 TLM""}, {""key"": ""Mythical"", ""value"": ""80.2533 TLM""}, {""key"": ""Rare"", ""value"": ""4.5442 TLM""}]",70
190,2025-10-23,"[{""key"": ""Abundant"", ""value"": ""0.0505 TLM""}, {""key"": ""Common"", ""value"": ""0.0750 TLM""}, {""key"": ""Epic"", ""value"": ""9.6573 TLM""}, {""key"": ""Legendary"", ""value"": ""16.6476 TLM""}, {""key"": ""Mythical"", ""value"": ""80.4084 TLM""}, {""key"": ""Rare"", ""value"": ""5.3940 TLM""}]",71
191,2025-10-24,"[{""key"": ""Abundant"", ""value"": ""0.0538 TLM""}, {""key"": ""Common"", ""value"": ""0.0685 TLM""}, {""key"": ""Epic"", ""value"": ""15.6006 TLM""}, {""key"": ""Legendary"", ""value"": ""23.8281 TLM""}, {""key"": ""Mythical"", ""value"": ""84.3073 TLM""}, {""key"": ""Rare"", ""value"": ""6.8873 TLM""}]",70
192,2025-10-25,"[{""key"": ""Abundant"", ""value"": ""0.0438 TLM""}, {""key"": ""Common"", ""value"": ""0.0703 TLM""}, {""key"": ""Epic"", ""value"": ""14.7438 TLM""}, {""key"": ""Legendary"", ""value"": ""24.1873 TLM""}, {""key"": ""Mythical"", ""value"": ""87.5539 TLM""}, {""key"": ""Rare"", ""value"": ""5.4735 TLM""}]",69
193,2025-10-26,"[{""key"": ""Abundant"", ""value"": ""0.0577 TLM""}, {""key"": ""Common"", ""value"": ""0.0685 TLM""}, {""key"": ""Epic"", ""value"": ""11.4028 TLM""}, {""key"": ""Legendary"", ""value"": ""22.5794 TLM""}, {""key"": ""Mythical"", ""value"": ""86.1727 TLM""}, {""key"": ""Rare"", ""value"": ""5.6033 TLM""}]",74
194,2025-10-27,"[{""key"": ""Abundant"", ""value"": ""0.0506 TLM""}, {""key"": ""Common"", ""value"": ""0.0769 TLM""}, {""key"": ""Epic"", ""value"": ""10.4206 TLM""}, {""key"": ""Legendary"", ""value"": ""21.8576 TLM""}, {""key"": ""Mythical"", ""value"": ""82.4628 TLM""}, {""key"": ""Rare"", ""value"": ""6.1086 TLM""}]",70
195,2025-10-28,"[{""key"": ""Abundant"", ""value"": ""0.0577 TLM""}, {""key"": ""Common"", ""value"": ""0.0841 TLM""}, {""key"": ""Epic"", ""value"": ""17.0739 TLM""}, {""key"": ""Legendary"", ""value"": ""23.1315 TLM""}, {""key"": ""Mythical"", ""value"": ""82.7222 TLM""}, {""key"": ""Rare"", ""value"": ""7.0162 TLM""}]",67
196,2025-10-29,"[{""key"": ""Abundant"", ""value"": ""0.0498 TLM""}, {""key"": ""Common"", ""value"": ""0.0772 TLM""}, {""key"": ""Epic"", ""value"": ""16.1589 TLM""}, {""key"": ""Legendary"", ""value"": ""20.7896 TLM""}, {""key"": ""Mythical"", ""value"": ""78.6382 TLM""}, {""key"": ""Rare"", ""value"": ""11.8353 TLM""}]",71
197,2025-10-30,"[{""key"": ""Abundant"", ""value"": ""0.0514 TLM""}, {""key"": ""Common"", ""value"": ""0.0723 TLM""}, {""key"": ""Epic"", ""value"": ""16.0250 TLM""}, {""key"": ""Legendary"", ""value"": ""23.3414 TLM""}, {""key"": ""Mythical"", ""value"": ""80.5799 TLM""}, {""key"": ""Rare"", ""value"": ""8.3742 TLM""}]",69
198,2025-10-31,"[{""key"": ""Abundant"", ""value"": ""0.0523 TLM""}, {""key"": ""Common"", ""value"": ""0.0777 TLM""}, {""key"": ""Epic"", ""value"": ""19.9996 TLM""}, {""key"": ""Legendary"", ""value"": ""25.2552 TLM""}, {""key"": ""Mythical"", ""value"": ""82.3595 TLM""}, {""key"": ""Rare"", ""value"": ""8.1163 TLM""}]",71
199,2025-11-01,"[{""key"": ""Abundant"", ""value"": ""0.0518 TLM""}, {""key"": ""Common"", ""value"": ""0.0671 TLM""}, {""key"": ""Epic"", ""value"": ""10.7948 TLM""}, {""key"": ""Legendary"", ""value"": ""21.8603 TLM""}, {""key"": ""Mythical"", ""value"": ""80.7961 TLM""}, {""key"": ""Rare"", ""value"": ""6.7122 TLM""}]",69
200,2025-11-02,"[{""key"": ""Abundant"", ""value"": ""0.0538 TLM""}, {""key"": ""Common"", ""value"": ""0.0783 TLM""}, {""key"": ""Epic"", ""value"": ""12.0011 TLM""}, {""key"": ""Legendary"", ""value"": ""22.2104 TLM""}, {""key"": ""Mythical"", ""value"": ""80.6123 TLM""}, {""key"": ""Rare"", ""value"": ""7.4519 TLM""}]",68
201,2025-11-03,"[{""key"": ""Abundant"", ""value"": ""0.0449 TLM""}, {""key"": ""Common"", ""value"": ""0.0658 TLM""}, {""key"": ""Epic"", ""value"": ""10.3251 TLM""}, {""key"": ""Legendary"", ""value"": ""18.0402 TLM""}, {""key"": ""Mythical"", ""value"": ""76.4917 TLM""}, {""key"": ""Rare"", ""value"": ""6.0030 TLM""}]",68
202,2025-11-04,"[{""key"": ""Abundant"", ""value"": ""0.0496 TLM""}, {""key"": ""Common"", ""value"": ""0.0712 TLM""}, {""key"": ""Epic"", ""value"": ""12.9522 TLM""}, {""key"": ""Legendary"", ""value"": ""20.0709 TLM""}, {""key"": ""Mythical"", ""value"": ""81.9421 TLM""}, {""key"": ""Rare"", ""value"": ""9.4326 TLM""}]",64
203,2025-11-05,"[{""key"": ""Abundant"", ""value"": ""0.0483 TLM""}, {""key"": ""Common"", ""value"": ""0.0716 TLM""}, {""key"": ""Epic"", ""value"": ""13.7298 TLM""}, {""key"": ""Legendary"", ""value"": ""17.8756 TLM""}, {""key"": ""Mythical"", ""value"": ""83.0138 TLM""}, {""key"": ""Rare"", ""value"": ""6.8930 TLM""}]",68
204,2025-11-06,"[{""key"": ""Abundant"", ""value"": ""0.0502 TLM""}, {""key"": ""Common"", ""value"": ""0.0670 TLM""}, {""key"": ""Epic"", ""value"": ""14.0996 TLM""}, {""key"": ""Legendary"", ""value"": ""18.6953 TLM""}, {""key"": ""Mythical"", ""value"": ""82.4279 TLM""}, {""key"": ""Rare"", ""value"": ""7.8024 TLM""}]",67
205,2025-11-07,"[{""key"": ""Abundant"", ""value"": ""0.0494 TLM""}, {""key"": ""Common"", ""value"": ""0.0737 TLM""}, {""key"": ""Epic"", ""value"": ""12.2934 TLM""}, {""key"": ""Legendary"", ""value"": ""18.6355 TLM""}, {""key"": ""Mythical"", ""value"": ""80.7978 TLM""}, {""key"": ""Rare"", ""value"": ""7.2963 TLM""}]",67
206,2025-11-08,"[{""key"": ""Abundant"", ""value"": ""0.0540 TLM""}, {""key"": ""Common"", ""value"": ""0.0685 TLM""}, {""key"": ""Epic"", ""value"": ""10.8428 TLM""}, {""key"": ""Legendary"", ""value"": ""16.7232 TLM""}, {""key"": ""Mythical"", ""value"": ""78.9054 TLM""}, {""key"": ""Rare"", ""value"": ""6.1948 TLM""}]",67
207,2025-11-09,"[{""key"": ""Abundant"", ""value"": ""0.0449 TLM""}, {""key"": ""Common"", ""value"": ""0.0650 TLM""}, {""key"": ""Epic"", ""value"": ""10.0411 TLM""}, {""key"": ""Legendary"", ""value"": ""14.4174 TLM""}, {""key"": ""Mythical"", ""value"": ""81.2826 TLM""}, {""key"": ""Rare"", ""value"": ""6.0813 TLM""}]",68
208,2025-11-10,"[{""key"": ""Abundant"", ""value"": ""0.0509 TLM""}, {""key"": ""Common"", ""value"": ""0.0809 TLM""}, {""key"": ""Epic"", ""value"": ""17.0939 TLM""}, {""key"": ""Legendary"", ""value"": ""18.2227 TLM""}, {""key"": ""Mythical"", ""value"": ""82.1962 TLM""}, {""key"": ""Rare"", ""value"": ""6.7111 TLM""}]",70
209,2025-11-11,"[{""key"": ""Abundant"", ""value"": ""0.0508 TLM""}, {""key"": ""Common"", ""value"": ""0.0764 TLM""}, {""key"": ""Epic"", ""value"": ""14.7702 TLM""}, {""key"": ""Legendary"", ""value"": ""21.3818 TLM""}, {""key"": ""Mythical"", ""value"": ""86.6407 TLM""}, {""key"": ""Rare"", ""value"": ""5.8887 TLM""}]",68
210,2025-11-12,"[{""key"": ""Abundant"", ""value"": ""0.0533 TLM""}, {""key"": ""Common"", ""value"": ""0.0899 TLM""}, {""key"": ""Epic"", ""value"": ""13.6665 TLM""}, {""key"": ""Legendary"", ""value"": ""22.2588 TLM""}, {""key"": ""Mythical"", ""value"": ""82.8781 TLM""}, {""key"": ""Rare"", ""value"": ""5.5005 TLM""}]",73
211,2025-11-13,"[{""key"": ""Abundant"", ""value"": ""0.0476 TLM""}, {""key"": ""Common"", ""value"": ""0.1198 TLM""}, {""key"": ""Epic"", ""value"": ""13.8239 TLM""}, {""key"": ""Legendary"", ""value"": ""20.3493 TLM""}, {""key"": ""Mythical"", ""value"": ""77.4127 TLM""}, {""key"": ""Rare"", ""value"": ""5.3095 TLM""}]",69
212,2025-11-14,"[{""key"": ""Abundant"", ""value"": ""0.0453 TLM""}, {""key"": ""Common"", ""value"": ""0.0912 TLM""}, {""key"": ""Epic"", ""value"": ""15.1060 TLM""}, {""key"": ""Legendary"", ""value"": ""20.5353 TLM""}, {""key"": ""Mythical"", ""value"": ""80.5116 TLM""}, {""key"": ""Rare"", ""value"": ""4.9100 TLM""}]",71
213,2025-11-15,"[{""key"": ""Abundant"", ""value"": ""0.0449 TLM""}, {""key"": ""Common"", ""value"": ""0.0842 TLM""}, {""key"": ""Epic"", ""value"": ""13.2468 TLM""}, {""key"": ""Legendary"", ""value"": ""19.4261 TLM""}, {""key"": ""Mythical"", ""value"": ""75.8091 TLM""}, {""key"": ""Rare"", ""value"": ""6.2304 TLM""}]",71
214,2025-11-16,"[{""key"": ""Abundant"", ""value"": ""0.0528 TLM""}, {""key"": ""Common"", ""value"": ""0.0937 TLM""}, {""key"": ""Epic"", ""value"": ""17.4506 TLM""}, {""key"": ""Legendary"", ""value"": ""20.7384 TLM""}, {""key"": ""Mythical"", ""value"": ""71.2516 TLM""}, {""key"": ""Rare"", ""value"": ""7.0361 TLM""}]",71
215,2025-11-17,"[{""key"": ""Abundant"", ""value"": ""0.0573 TLM""}, {""key"": ""Common"", ""value"": ""0.0905 TLM""}, {""key"": ""Epic"", ""value"": ""20.3135 TLM""}, {""key"": ""Legendary"", ""value"": ""29.7947 TLM""}, {""key"": ""Mythical"", ""value"": ""88.8587 TLM""}, {""key"": ""Rare"", ""value"": ""9.4231 TLM""}]",10
